time,theta,omega,ke,pe,total
0.000000,0.349066,0.000000,0.000000,0.295808,0.295808
